select * from users;l
+---------+-----------------+---------------------------+--------------------------------------------------------------+------------+------------+---------------+----------------+-------+-------+--------+------------+------------+-----------------+------------------+-------------+-------+---------------------+------------+
| user_id | user_name       | email                     | password                                                     | dob        | contact_no | address       | college_name   | grade | major | team   | start_date | end_date   | graduating_year | resume           | profile_pic | role  | created_at          | batch_code |
+---------+-----------------+---------------------------+--------------------------------------------------------------+------------+------------+---------------+----------------+-------+-------+--------+------------+------------+-----------------+------------------+-------------+-------+---------------------+------------+
|       1 | Prakhar         | demo@gmail.com            | $2a$10$i8bE0abnfp87a59nLYT6EekKAU58eVne1.2av/kcxhxE3/lX81DSu | 2003-05-21 | 9876543210 | Uttar Pradesh | GLA University | A     | CSE   | Java   | 2025-02-01 | 2025-04-01 |            2025 | resume.pdf       | profile.jpg | USER  | 2025-11-20 21:16:52 |          1 |
|       2 | Prakhar Agrawal | prakhar@gmail.com         | $2a$10$JDEuSRh4AcG0l2U1BjQVgO4h1.xZ9vq5P1XRg8Mm1Nn.4y2mauCGe | 2003-05-21 | 9876543210 | Uttar Pradesh | GLA University | A     | CSE   | Java   | 2025-02-01 | 2025-04-01 |            2025 | resume.pdf       | prakhar.jpg | USER  | 2025-11-20 21:27:09 |          2 |
|       3 | Rohan Singh     | rohan@gmail.com           | $2a$10$JDEuSRh4AcG0l2U1BjQVgO4h1.xZ9vq5P1XRg8Mm1Nn.4y2mauCGe | 2002-10-10 | 9012345678 | Delhi         | IIT Delhi      | A+    | ECE   | Python | 2025-02-01 | 2025-04-01 |            2025 | rohan_resume.pdf | rohan.png   | USER  | 2025-11-20 21:27:09 |          3 |
|       9 | System Admin    | admin@gmail.com           | $2a$10$XMxNgISL52QTbXHLhIkT2uW16tamp6JBlWzU8W15kGQSegYZCUy7y | NULL       | NULL       | NULL          | NULL           | NULL  | NULL  | NULL   | NULL       | NULL       |            NULL | NULL             | NULL        | ADMIN | 2025-11-22 13:44:23 |          4 |
|      10 | Rohit Sharma    | rohit.user123@gmail.com   | $2a$10$6i1VFEG0wKTs3FcIj18/pu/AF7/pkv3zs3hd9uaMViXkf45vMdd9O | 2002-01-15 | 9876543210 | Delhi         | IIT Delhi      | A     | CSE   | Java   | 2025-01-10 | 2025-04-10 |            2025 | resume.pdf       | rohit.png   | USER  | 2025-11-22 14:56:15 |          5 |
|      13 | Rohit Sharma2   | rohit1.user1232@gmail.com | $2a$10$7Ry1lLbFWIe5kY9pHWlr.untZNbztFunh7al0reIlqbSyM/s66kdO | 2002-01-15 | 9876543210 | Delhi         | IIT Delhi      | A     | CSE   | Java   | 2025-01-10 | 2025-04-10 |            2025 | resume.pdf       | rohit.png   | USER  | 2025-11-24 23:33:52 |          4 |
+---------+-----------------+---------------------------+--------------------------------------------------------------+------------+------------+---------------+----------------+-------+-------+--------+------------+------------+-----------------+------------------+-------------+-------+---------------------+------------+
6 rows in set (0.01 sec)

    -> ^C
mysql> select * from trainers;
+------------+-----------------+---------------------------+--------------------------------------------------------------+------------+------------+--------------------------+----------------+-----------------------+---------+---------------------+
| trainer_id | name            | email                     | password                                                     | contact    | experience | skills                   | profile_pic    | bio                   | role    | created_at          |
+------------+-----------------+---------------------------+--------------------------------------------------------------+------------+------------+--------------------------+----------------+-----------------------+---------+---------------------+
|          1 | Ram Kumar       | ram.trainer@gmail.com     | $2a$10$JDEuSRh4AcG0l2U1BjQVgO4h1.xZ9vq5P1XRg8Mm1Nn.4y2mauCGe | 9876543210 |          5 | Java, Spring Boot, MySQL | ram.jpg        | Senior Java Trainer   | TRAINER | 2025-11-22 15:42:13 |
|          2 | Amit Verma      | amit.trainer@gmail.com    | $2a$10$JDEuSRh4AcG0l2U1BjQVgO4h1.xZ9vq5P1XRg8Mm1Nn.4y2mauCGe | 9898989898 |          8 | Python, Django, ML       | amit.png       | Python & ML Mentor    | TRAINER | 2025-11-22 15:42:13 |
|          3 | prakhar agrawal | prakhar@gmail.com         | $2a$10$Eroa1vqaonTEQdxaFdMD0.zhSZ7dcTau7cPqWoVs..6AAckjYMT2C | 9898983298 |          4 | python dev               | prakhar.jpg    | Senior python Trainer | TRAINER | 2025-11-22 15:42:13 |
|          4 | aryan           | aryanr@gmail.com          | $2a$10$HNZlDQ.xVKokNxakG70LYOUcf21k0Yyyu/BSsFw1mBSitpmKYZXYC | 98989298   |          1 | sleeping                 | aryan.jpg      | Senior python Trainer | TRAINER | 2025-11-22 15:55:24 |
|          5 | iron man        | iron@gmail.com            | $2a$10$Czs.fTJMfBd16CWx03MrlOK1fC5kbGdbfQKAthgRBcirt9LbkYXoW | 98989298   |          5 | tech                     | iron.jpg       | Senior Trainer        | TRAINER | 2025-11-23 01:47:15 |
|          6 | iron man1       | iron2@gmail.com           | $2a$10$kMQ6m97xJ/73P7350PiI/OVfDF8ESF.JJjU86jDvBgXJmfZB04Zf2 | 989829298  |          6 | tech1                    | iron2.jpg      | Senior Trainer2       | TRAINER | 2025-11-24 17:02:40 |
|          9 | prakhar         | prakhar.ag9839@gmail.com  | $2a$10$NBul6dhiWlggwqceyWuX4euiIGXwAfPf36Ojivw0RJvS640xppTBq | 8887876211 |          5 | java core                | prakharpic.jpg | Senior java Trainer   | TRAINER | 2025-11-24 21:57:10 |
|         10 | rohit           | prakhar.ag1123@gmail.com  | $2a$10$TDlj7QcbCovRmHLQWw69zu7IV2EmnXqqcvVDwHahDv3pv2MvBV0H. | 8887876232 |          1 | sql core                 | rohit.jpg      | Senior sql Trainer    | TRAINER | 2025-11-25 15:23:18 |
|         11 | jhon            | returnbydeath16@gmail.com | $2a$10$e52mTtRi1UOl2HkLISRqz.tYyFlxGyhuRSp1VgX6c//oW6w92CgAC | 23123132   |          2 | sql core                 | rohit.jpg      | Senior sql Trainer    | TRAINER | 2025-11-25 15:39:36 |
+------------+-----------------+---------------------------+--------------------------------------------------------------+------------+------------+--------------------------+----------------+-----------------------+---------+---------------------+
9 rows in set (0.00 sec)

mysql> select * from internship_batches;
+------------+--------------------------+---------------------------+------------+------------+------------+-------------+-----------------+
| batch_code | batch_name               | course_name               | trainer_id | start_date | end_date   | total_seats | available_seats |
+------------+--------------------------+---------------------------+------------+------------+------------+-------------+-----------------+
|          1 | Java Batch Feb-2025      | Java Full Stack           |          1 | 2025-02-01 | 2025-04-01 |          30 |              28 |
|          2 | Python ML Batch Feb-2025 | Python + Machine Learning |          2 | 2025-02-01 | 2025-04-01 |          25 |              23 |
|          3 | Batch 1                  | Java Full Stack           |          5 | 2025-01-10 | 2025-03-20 |          50 |              50 |
|          4 | Batch 9                  | python Full Stack         |          9 | 2025-01-10 | 2025-03-20 |          20 |              10 |
|          5 | Batch 10                 | golang Full Stack         |          9 | 2025-01-10 | 2025-03-20 |          10 |               5 |
+------------+--------------------------+---------------------------+------------+------------+------------+-------------+-----------------+
5 rows in set (0.00 sec)

mysql> describe users;
+-----------------+--------------+------+-----+-------------------+-------------------+
| Field           | Type         | Null | Key | Default           | Extra             |
+-----------------+--------------+------+-----+-------------------+-------------------+
| user_id         | bigint       | NO   | PRI | NULL              | auto_increment    |
| user_name       | varchar(255) | NO   |     | NULL              |                   |
| email           | varchar(255) | NO   | UNI | NULL              |                   |
| password        | varchar(255) | NO   |     | NULL              |                   |
| dob             | date         | YES  |     | NULL              |                   |
| contact_no      | varchar(20)  | YES  |     | NULL              |                   |
| address         | varchar(255) | YES  |     | NULL              |                   |
| college_name    | varchar(255) | YES  |     | NULL              |                   |
| grade           | varchar(50)  | YES  |     | NULL              |                   |
| major           | varchar(255) | YES  |     | NULL              |                   |
| team            | varchar(255) | YES  |     | NULL              |                   |
| start_date      | date         | YES  |     | NULL              |                   |
| end_date        | date         | YES  |     | NULL              |                   |
| graduating_year | int          | YES  |     | NULL              |                   |
| resume          | varchar(255) | YES  |     | NULL              |                   |
| profile_pic     | varchar(255) | YES  |     | NULL              |                   |
| role            | varchar(50)  | NO   |     | USER              |                   |
| created_at      | timestamp    | YES  |     | CURRENT_TIMESTAMP | DEFAULT_GENERATED |
| batch_code      | bigint       | YES  | MUL | NULL              |                   |
+-----------------+--------------+------+-----+-------------------+-------------------+
19 rows in set (0.00 sec)

mysql> describe trainers;
+-------------+--------------+------+-----+-------------------+-------------------+
| Field       | Type         | Null | Key | Default           | Extra             |
+-------------+--------------+------+-----+-------------------+-------------------+
| trainer_id  | bigint       | NO   | PRI | NULL              | auto_increment    |
| name        | varchar(255) | NO   |     | NULL              |                   |
| email       | varchar(255) | NO   | UNI | NULL              |                   |
| password    | varchar(255) | NO   |     | NULL              |                   |
| contact     | varchar(20)  | YES  |     | NULL              |                   |
| experience  | int          | YES  |     | NULL              |                   |
| skills      | text         | YES  |     | NULL              |                   |
| profile_pic | varchar(255) | YES  |     | NULL              |                   |
| bio         | text         | YES  |     | NULL              |                   |
| role        | varchar(50)  | NO   |     | TRAINER           |                   |
| created_at  | timestamp    | YES  |     | CURRENT_TIMESTAMP | DEFAULT_GENERATED |
+-------------+--------------+------+-----+-------------------+-------------------+
11 rows in set (0.00 sec)

mysql> describe internship_batches;
+-----------------+--------------+------+-----+---------+----------------+
| Field           | Type         | Null | Key | Default | Extra          |
+-----------------+--------------+------+-----+---------+----------------+
| batch_code      | bigint       | NO   | PRI | NULL    | auto_increment |
| batch_name      | varchar(255) | NO   |     | NULL    |                |
| course_name     | varchar(255) | NO   |     | NULL    |                |
| trainer_id      | bigint       | NO   | MUL | NULL    |                |
| start_date      | date         | NO   |     | NULL    |                |
| end_date        | date         | NO   |     | NULL    |                |
| total_seats     | int          | NO   |     | NULL    |                |
| available_seats | int          | NO   |     | NULL    |                |
+-----------------+--------------+------+-----+---------+----------------+
8 rows in set (0.00 sec)

mysql>
